month,mongodb,mysql,postgresql,sqlite,elasticsearch,firebase,redis,apachecassandra,amazondynamodb,reactjs,vuejs,angular,jquery,nodejs,elm,typescript,polymer,aurelia,swift,go,python,r,java,matlab,kotlin,csharp,scala,flutter,c++,,mongodb_forecast,mysql_forecast,postgresql_forecast,sqlite_forecast,elasticsearch_forecast,firebase_forecast,redis_forecast,apachecassandra_forecast,amazondynamodb_forecast,python_forecast,java_forecast,r_forecast,matlab_forecast,kotlin_forecast,csharp_forecast,scala_forecast,flutter_forecast,c++_forecast,jquery_forecast,nodejs_forecast,swift_forecast,go_forecast,angular_forecast,reactjs_forecast,vuejs_forecast,elm_forecast,typescript_forecast,polymer_forecast,aurelia_forecast
2009-Jan,0,368,0,40,0,0,0,0,0,0,0,0,383,0,0,0,1,0,1,0,631,8,1158,19,0,485,17,4,411,,40,0,55,40,0,0,0,0,0,631,1158,8,19,0,485,17,4,411,383,0,1,0,0,0,0,0,0,1,0
2009-Feb,0,357,0,53,0,0,0,0,0,0,0,0,506,0,0,0,0,0,1,0,633,9,1209,27,0,556,28,10,408,,53,0,49,53,0,0,0,0,0,633,1209,9,27,0,556,28,10,408,506,0,1,0,0,0,0,0,0,0,0
2009-Mar,0,464,0,60,0,0,0,0,0,0,0,0,572,0,0,0,0,0,1,0,766,4,1444,24,0,566,28,18,476,,60,0,51,60,0,0,0,0,0,766,1444,4,24,0,566,28,18,476,572,0,1,0,0,0,0,0,0,0,0
2009-Apr,0,484,0,91,0,0,0,0,0,0,0,0,702,0,0,0,3,0,0,0,768,12,1538,32,0,507,32,6,451,,91,0,64,91,0,0,0,0,0,768,1538,12,32,0,507,32,6,451,702,0,0,0,0,0,0,0,0,3,0
2009-May,2,567,2,105,0,0,0,0,0,0,0,0,951,0,0,0,2,0,2,0,1003,2,1826,42,0,509,22,12,433,,105,0,66,105,0,0,0,0,0,1003,1826,2,42,0,509,22,12,433,951,0,2,0,0,0,0,0,0,2,0
2009-Jun,0,692,0,106,0,0,0,0,0,0,0,0,1161,0,0,0,5,0,1,0,1046,5,2121,44,0,437,27,17,481,,106,0,69,106,0,0,0,0,0,1046,2121,5,44,0,437,27,17,481,1161,0,1,0,0,0,0,0,0,5,0
2009-Jul,2,882,2,115,0,0,0,0,0,0,0,0,1387,0,0,0,0,0,0,0,1165,51,2276,39,0,485,26,19,466,,115,0,120,115,0,0,0,0,0,1165,2276,51,39,0,485,26,19,466,1387,0,0,0,0,0,0,0,0,0,0
2009-Aug,1,1000,1,121,0,0,1,0,0,0,0,0,1623,0,0,0,3,0,2,0,1143,47,2197,34,1,470,29,10,511,,121,0,138,121,0,0,1,0,0,1143,2197,47,34,1,470,29,10,511,1623,0,2,0,0,0,0,0,0,3,0
2009-Sep,4,983,4,103,0,0,0,0,0,0,0,0,1642,0,0,0,5,0,3,0,1169,139,2269,51,1,426,25,8,477,,103,0,106,103,0,0,0,0,0,1169,2269,139,51,1,426,25,8,477,1642,0,3,0,0,0,0,0,0,5,0
2009-Oct,2,1143,2,135,0,0,0,0,0,0,0,0,1797,0,0,0,5,0,1,0,1424,73,2512,71,2,524,23,11,467,,135,0,93,135,0,0,0,0,0,1424,2512,73,71,2,524,23,11,467,1797,0,1,0,0,0,0,0,0,5,0
2009-Nov,12,1155,12,139,0,0,2,0,0,0,0,0,1827,4,0,0,2,0,3,66,1562,94,2772,117,1,461,33,20,531,,139,0,91,139,0,0,2,0,0,1562,2772,94,117,1,461,33,20,531,1827,4,3,66,0,0,0,0,0,2,0
2009-Dec,12,1198,12,142,0,0,2,0,0,0,0,0,1854,6,0,0,4,0,1,11,1552,80,2621,99,0,419,28,24,490,,142,0,108,142,0,0,2,0,0,1552,2621,80,99,0,419,28,24,490,1854,6,1,11,0,0,0,0,0,4,0
2010-Jan,34,1374,34,155,0,0,5,0,0,0,0,0,2340,2,0,0,11,0,0,15,1952,94,3734,99,0,495,49,31,642,,155,0,149,155,0,0,5,0,0,1952,3734,94,99,0,495,49,31,642,2340,2,0,15,0,0,0,0,0,11,0
2010-Feb,40,1325,40,175,1,0,4,0,0,0,0,0,2336,5,0,0,4,0,2,7,1872,122,3588,111,1,553,23,22,654,,175,1,125,175,1,0,4,0,0,1872,3588,122,111,1,553,23,22,654,2336,5,2,7,0,0,0,0,0,4,0
2010-Mar,41,1652,41,197,0,0,4,0,0,0,0,0,2908,9,0,0,4,0,0,8,2076,140,4455,123,0,648,44,29,676,,197,0,170,197,0,0,4,0,0,2076,4455,140,123,0,648,44,29,676,2908,9,0,8,0,0,0,0,0,4,0
2010-Apr,40,1594,40,201,0,1,6,0,0,0,0,0,2757,14,0,0,8,0,2,10,1817,160,3904,187,0,598,50,15,616,,201,0,139,201,0,1,6,0,0,1817,3904,160,187,0,598,50,15,616,2757,14,2,10,0,0,0,0,0,8,0
2010-May,63,1656,63,233,0,0,8,0,0,0,0,0,2777,19,0,0,10,0,1,17,2017,139,4184,207,0,625,55,39,699,,233,0,194,233,0,0,8,0,0,2017,4184,139,207,0,625,55,39,699,2777,19,1,17,0,0,0,0,0,10,0
2010-Jun,76,1769,76,208,0,0,9,0,0,0,0,0,3074,15,0,0,21,0,2,15,2214,178,4301,146,0,603,36,54,658,,208,0,236,208,0,0,9,0,0,2214,4301,178,146,0,603,36,54,658,3074,15,2,15,0,0,0,0,0,21,0
2010-Jul,73,1800,73,282,0,0,11,0,0,0,0,0,3520,44,0,0,6,0,1,8,2607,235,4526,152,0,651,67,61,702,,282,0,168,282,0,0,11,0,0,2607,4526,235,152,0,651,67,61,702,3520,44,1,8,0,0,0,0,0,6,0
2010-Aug,111,2006,111,294,0,0,10,0,0,0,0,0,3791,40,0,0,13,0,2,13,2498,283,4721,140,1,559,44,42,736,,294,0,214,294,0,0,10,0,0,2498,4721,283,140,1,559,44,42,736,3791,40,2,13,0,0,0,0,0,13,0
2010-Sep,110,1852,110,251,0,0,14,0,0,0,0,0,3671,71,0,0,6,0,2,9,2254,236,4726,165,0,533,39,32,723,,251,0,200,251,0,0,14,0,0,2254,4726,236,165,0,533,39,32,723,3671,71,2,9,0,0,0,0,0,6,0
2010-Oct,137,1987,137,306,0,0,17,0,0,0,0,0,3770,84,0,0,13,0,1,13,2671,214,5047,163,0,602,53,38,716,,306,0,197,306,0,0,17,0,0,2671,5047,214,163,0,602,53,38,716,3770,84,1,13,0,0,0,0,0,13,0
2010-Nov,135,2235,135,354,0,0,17,0,0,0,0,0,4064,89,0,0,6,0,1,16,2619,244,5618,156,0,669,81,50,699,,354,0,222,354,0,0,17,0,0,2619,5618,244,156,0,669,81,50,699,4064,89,1,16,0,0,0,0,0,6,0
2010-Dec,166,2152,166,334,2,0,14,0,0,0,0,0,4160,106,0,0,8,0,2,18,2441,221,5584,173,0,565,68,66,616,,334,2,229,334,2,0,14,0,0,2441,5584,221,173,0,565,68,66,616,4160,106,2,18,0,0,0,0,0,8,0
2011-Jan,218,2795,218,360,0,0,42,0,0,0,0,0,4906,132,0,0,16,0,3,15,2913,251,6579,177,0,686,95,57,717,,360,0,237,360,0,0,42,0,0,2913,6579,251,177,0,686,95,57,717,4906,132,3,15,0,0,0,0,0,16,0
2011-Feb,227,2847,227,417,5,0,33,0,0,0,0,0,5032,161,0,0,16,0,5,16,3024,322,6922,292,2,754,60,42,737,,417,5,300,417,5,0,33,0,0,3024,6922,322,292,2,754,60,42,737,5032,161,5,16,0,0,0,0,0,16,0
2011-Mar,251,3421,251,549,2,0,39,0,0,0,0,0,6251,234,0,0,20,0,3,3,3763,423,8538,431,1,809,68,60,691,,549,2,352,549,2,0,39,0,0,3763,8538,423,431,1,809,68,60,691,6251,234,3,3,0,0,0,0,0,20,0
2011-Apr,259,3324,259,521,2,0,49,0,0,0,0,0,6183,354,0,0,17,0,3,7,3359,476,7949,382,2,823,95,62,789,,521,2,277,521,2,0,49,0,0,3359,7949,476,382,2,823,95,62,789,6183,354,3,7,0,0,0,0,0,17,0
2011-May,275,3208,275,515,8,0,40,0,0,0,0,0,6585,338,0,0,30,0,1,37,3538,428,8622,306,2,691,82,66,774,,515,8,348,515,8,0,40,0,0,3538,8622,428,306,2,691,82,66,774,6585,338,1,37,0,0,0,0,0,30,0
2011-Jun,290,3364,290,596,8,0,72,0,0,0,0,0,6597,348,0,0,35,0,4,34,3485,444,7966,313,4,774,87,68,708,,596,8,285,596,8,0,72,0,0,3485,7966,444,313,4,774,87,68,708,6597,348,4,34,0,0,0,0,0,35,0
2011-Jul,339,3548,339,588,6,0,70,0,0,0,0,0,7263,358,0,0,27,0,12,26,3688,454,8208,286,4,794,95,109,820,,588,6,348,588,6,0,70,0,0,3688,8208,454,286,4,794,95,109,820,7263,358,12,26,0,0,0,0,0,27,0
2011-Aug,339,3848,339,585,11,0,60,0,0,0,0,0,7747,469,0,0,39,0,8,40,3849,587,8742,258,1,759,90,83,844,,585,11,363,585,11,0,60,0,0,3849,8742,587,258,1,759,90,83,844,7747,469,8,40,0,0,0,0,0,39,0
2011-Sep,335,3455,335,579,7,0,66,0,0,0,0,0,7141,524,0,0,51,0,6,26,3526,613,8380,267,4,767,115,75,952,,579,7,328,579,7,0,66,0,0,3526,8380,613,267,4,767,115,75,952,7141,524,6,26,0,0,0,0,1,51,0
2011-Oct,409,3452,409,523,10,0,67,0,0,0,0,0,7162,380,0,0,52,0,6,40,3639,623,8601,401,7,799,94,88,1103,,523,10,341,523,10,0,67,0,0,3639,8601,623,401,7,799,94,88,1103,7162,380,6,40,0,0,0,0,0,52,0
2011-Nov,446,3809,446,614,24,0,65,0,0,0,0,0,7503,468,0,0,42,0,4,66,3889,609,9692,433,2,841,114,59,1116,,614,24,368,614,24,0,65,0,0,3889,9692,609,433,2,841,114,59,1116,7503,468,4,66,0,0,0,0,0,42,0
2011-Dec,411,3454,411,505,14,0,84,0,0,0,0,0,7300,588,0,0,31,0,2,49,3555,608,9118,388,4,735,84,87,1010,,505,14,368,505,14,0,84,0,0,3555,9118,608,388,4,735,84,87,1010,7300,588,2,49,0,0,0,0,0,31,0
2012-Jan,514,3997,514,595,30,0,79,0,0,0,0,0,8209,686,0,0,54,0,6,37,4232,691,10220,461,4,802,113,127,1237,,595,30,375,595,30,0,79,0,0,4232,10220,691,461,4,802,113,127,1237,8209,686,6,37,0,0,0,0,0,54,0
2012-Feb,492,4163,492,721,25,0,86,0,0,0,0,0,8869,619,0,0,46,0,9,31,4517,815,11080,558,7,931,126,128,1111,,721,25,444,721,25,0,86,0,0,4517,11080,815,558,7,931,126,128,1111,8869,619,9,31,0,0,0,0,0,46,0
2012-Mar,585,4734,585,817,30,0,82,0,0,0,0,0,9215,736,0,0,55,0,4,47,5073,892,12531,579,11,1092,132,129,1122,,817,30,460,817,30,0,82,0,0,5073,12531,892,579,11,1092,132,129,1122,9215,736,4,47,0,0,0,0,0,55,0
2012-Apr,646,4598,646,745,39,1,97,0,0,0,0,0,8938,817,0,0,66,0,5,69,4948,849,12153,624,17,1031,125,129,1114,,745,39,501,745,39,1,97,0,0,4948,12153,849,624,17,1031,125,129,1114,8938,817,5,69,0,0,0,0,0,66,0
2012-May,598,4663,598,727,55,5,123,0,0,0,0,0,9719,845,0,0,67,0,6,69,5133,882,12304,542,21,965,111,116,1022,,727,55,506,727,55,5,123,0,0,5133,12304,882,542,21,965,111,116,1022,9719,845,6,69,0,0,0,0,0,67,0
2012-Jun,580,4742,580,703,52,6,122,0,0,0,0,0,9424,832,0,0,70,0,4,72,5295,975,11200,525,18,961,70,83,980,,703,52,473,703,52,6,122,0,0,5295,11200,975,525,18,961,70,83,980,9424,832,4,72,0,0,0,0,0,70,0
2012-Jul,632,5127,632,766,47,13,97,0,0,0,0,0,10111,907,0,0,75,0,6,76,5751,1125,12341,561,12,1022,121,131,1025,,766,47,488,766,47,13,97,0,0,5751,12341,1125,561,12,1022,121,131,1025,10111,907,6,76,0,0,0,0,0,75,0
2012-Aug,706,4968,706,784,77,6,121,0,0,0,0,0,10329,1024,0,0,68,0,5,72,5882,1093,12329,599,15,1020,110,111,993,,784,77,559,784,77,6,121,0,0,5882,12329,1093,599,15,1020,110,111,993,10329,1024,5,72,0,0,0,0,0,68,0
2012-Sep,632,4617,632,658,80,6,98,0,0,0,0,0,9209,826,0,0,78,0,7,130,5273,1061,11687,553,16,963,108,74,1048,,658,80,513,658,80,6,98,0,0,5273,11687,1061,553,16,963,108,74,1048,9209,826,7,130,0,0,0,0,0,78,0
2012-Oct,686,5136,686,735,102,9,133,0,0,0,0,0,10241,994,0,0,119,0,4,101,6154,1270,13584,755,16,1174,111,90,1009,,735,102,632,735,102,9,133,0,0,6154,13584,1270,755,16,1174,111,90,1009,10241,994,4,101,0,0,0,0,277,119,0
2012-Nov,693,5105,693,740,103,4,104,0,0,0,0,0,10125,1007,0,0,103,0,3,104,6408,1348,13688,848,20,1156,106,105,937,,740,103,574,740,103,4,104,0,0,6408,13688,1348,848,20,1156,106,105,937,10125,1007,3,104,0,0,0,0,143,103,0
2012-Dec,597,4703,597,738,75,13,99,0,0,0,0,0,9138,955,1,1,81,0,3,110,5636,1194,12207,663,14,959,120,147,897,,738,75,548,738,75,13,99,0,0,5636,12207,1194,663,14,959,120,147,897,9138,955,3,110,0,0,0,1,76,81,0
2013-Jan,765,5697,765,797,116,21,145,0,0,0,0,0,11018,1214,1,0,127,3,5,101,6605,1515,13828,728,17,1003,110,145,969,,797,116,729,797,116,21,145,0,0,6605,13828,1515,728,17,1003,110,145,969,11018,1214,5,101,0,0,0,1,96,127,3
2013-Feb,737,5374,737,699,92,32,148,0,0,0,0,0,10670,1157,0,0,103,17,6,117,6793,1678,13908,817,21,1012,116,105,941,,699,92,629,699,92,32,148,0,0,6793,13908,1678,817,21,1012,116,105,941,10670,1157,6,117,0,0,0,0,70,103,17
2013-Mar,815,6214,815,832,133,46,167,0,0,0,0,0,12240,1430,1,0,125,18,5,127,7680,1858,16077,1000,40,1058,123,117,975,,832,133,652,832,133,46,167,0,0,7680,16077,1858,1000,40,1058,123,117,975,12240,1430,5,127,0,0,0,1,115,125,18
2013-Apr,813,6118,813,806,152,60,156,0,0,0,0,1,12067,1260,0,0,140,37,6,125,7975,1849,16392,1060,42,1117,129,139,1002,,806,152,652,806,152,60,156,0,0,7975,16392,1849,1060,42,1117,129,139,1002,12067,1260,6,125,1,0,0,0,94,140,37
2013-May,898,5713,898,823,142,49,171,0,1,1,0,0,11765,1406,1,0,137,22,2,143,7862,1795,15470,1025,38,1211,116,139,1097,,823,142,666,823,142,49,171,0,1,7862,15470,1795,1025,38,1211,116,139,1097,11765,1406,2,143,0,1,0,1,76,137,22
2013-Jun,792,5426,792,681,161,38,177,0,0,2,0,0,11505,1285,2,0,158,25,3,176,7640,1785,14116,906,67,1037,172,141,1033,,681,161,655,681,161,38,177,0,0,7640,14116,1785,906,67,1037,172,141,1033,11505,1285,3,176,0,2,0,2,94,158,25
2013-Jul,937,6053,937,872,183,61,205,0,1,2,0,0,12753,1587,0,0,146,39,7,200,8656,1980,15332,997,77,1122,160,196,1056,,872,183,735,872,183,61,205,0,1,8656,15332,1980,997,77,1122,160,196,1056,12753,1587,7,200,0,2,0,0,108,146,39
2013-Aug,1003,6199,1003,804,173,76,223,0,0,1,0,0,12801,1676,3,0,144,47,3,208,7974,1930,15161,915,74,1244,103,152,896,,804,173,735,804,173,76,223,0,0,7974,15161,1930,915,74,1244,103,152,896,12801,1676,3,208,0,1,0,3,107,144,47
2013-Sep,923,6177,923,781,151,79,231,0,0,9,0,0,12978,1531,2,0,139,33,10,237,7999,1723,16395,899,63,1433,136,111,887,,781,151,681,781,151,79,231,0,0,7999,16395,1723,899,63,1433,136,111,887,12978,1531,10,237,0,9,0,2,86,139,33
2013-Oct,984,6634,984,909,177,74,248,0,0,5,0,0,13784,1688,2,0,145,34,9,212,9539,2108,18906,1117,51,1421,140,144,936,,909,177,769,909,177,74,248,0,0,9539,18906,2108,1117,51,1421,140,144,936,13784,1688,9,212,0,5,0,2,82,145,34
2013-Nov,920,6525,920,916,185,54,281,0,0,7,0,0,12444,1826,1,0,154,54,5,209,9546,2194,18914,1211,48,1264,153,144,890,,916,185,788,916,185,54,281,0,0,9546,18914,2194,1211,48,1264,153,144,890,12444,1826,5,209,0,7,0,1,90,154,54
2013-Dec,880,6273,880,821,150,80,206,0,0,18,0,0,11796,1843,3,0,132,71,10,226,8306,1869,17218,1037,66,1036,156,107,887,,821,150,795,821,150,80,206,0,0,8306,17218,1869,1037,66,1036,156,107,887,11796,1843,10,226,0,18,0,3,120,132,71
2014-Jan,1055,7211,1055,972,249,84,255,0,0,47,0,0,13802,2210,4,277,182,44,5,303,9892,2366,18833,1122,69,1114,152,149,957,,972,249,888,972,249,84,255,0,0,9892,18833,2366,1122,69,1114,152,149,957,13802,2210,5,303,0,47,0,4,147,182,44
2014-Feb,1117,7119,1117,935,284,105,283,0,0,47,0,0,13588,2246,0,143,198,78,12,205,9951,2624,19460,1244,63,1077,185,161,976,,935,284,967,935,284,105,283,0,0,9951,19460,2624,1244,63,1077,185,161,976,13588,2246,12,205,0,47,0,0,119,198,78
2014-Mar,1170,8040,1170,1030,291,97,329,0,1,45,1,0,14358,2521,2,76,238,83,4,255,11483,2830,22207,1433,68,1215,180,158,935,,1030,291,1082,1030,291,97,329,0,1,11483,22207,2830,1433,68,1215,180,158,935,14358,2521,4,255,0,45,1,2,118,238,83
2014-Apr,1135,7737,1135,1018,330,108,386,0,0,33,0,0,13602,2190,7,96,182,79,5,342,10839,2748,21089,1421,64,1143,167,137,882,,1018,330,962,1018,330,108,386,0,0,10839,21089,2748,1421,64,1143,167,137,882,13602,2190,5,342,0,33,0,7,140,182,79
2014-May,1025,6666,1025,831,338,75,364,0,0,65,4,1,12316,2354,1,70,194,91,9,280,9330,2603,18166,1264,80,1017,175,168,850,,831,338,939,831,338,75,364,0,0,9330,18166,2603,1264,80,1017,175,168,850,12316,2354,9,280,1,65,4,1,138,194,91
2014-Jun,1093,5868,1093,742,291,95,296,0,2,68,0,0,11264,2212,5,115,177,105,2412,288,8967,2407,16085,1036,64,906,182,163,862,,742,291,902,742,291,95,296,0,2,8967,16085,2407,1036,64,906,182,163,862,11264,2212,2412,288,0,68,0,5,104,177,105
2014-Jul,1133,6157,1133,876,351,112,414,0,1,80,3,1,12079,2393,9,94,182,119,1645,454,9999,2654,17537,1114,83,1077,185,161,845,,876,351,972,876,351,112,414,0,1,9999,17537,2654,1114,83,1077,185,161,845,12079,2393,1645,454,1,80,3,9,161,182,119
2014-Aug,1022,5619,1022,752,379,144,336,0,1,75,0,1,11193,2376,3,76,176,163,1702,405,9170,2490,15879,928,85,1111,170,133,925,,752,379,828,752,379,144,336,0,1,9170,15879,2490,928,85,1111,170,133,925,11193,2376,1702,405,1,75,0,3,122,176,163
2014-Sep,1121,5842,1121,773,341,140,394,0,0,95,2,0,10878,2239,3,94,188,140,1907,392,8829,2385,16886,1077,72,1020,149,140,859,,773,341,921,773,341,140,394,0,0,8829,16886,2385,1077,72,1020,149,140,859,10878,2239,1907,392,0,95,2,3,115,188,140
2014-Oct,1128,6148,1128,730,320,159,453,0,3,133,2,1,10802,2350,3,108,192,133,2467,383,9651,2796,18082,1238,67,1310,185,143,784,,730,320,948,730,320,159,453,0,3,9651,18082,2796,1238,67,1310,185,143,784,10802,2350,2467,383,1,133,2,3,142,192,133
2014-Nov,1126,6029,1126,750,357,156,487,0,1,157,3,2,10210,2325,12,107,190,91,2567,336,9652,2727,18029,1245,84,1297,183,132,787,,750,357,891,750,357,156,487,0,1,9652,18029,2727,1245,84,1297,183,132,787,10210,2325,2567,336,2,157,3,12,107,190,91
2014-Dec,1081,5530,1081,668,359,124,395,0,1,165,3,0,9097,2161,13,86,151,116,2415,345,8886,2315,16173,996,79,1118,218,122,706,,668,359,856,668,359,124,395,0,1,8886,16173,2315,996,79,1118,218,122,706,9097,2161,2415,345,0,165,3,13,116,151,116
2015-Jan,1131,5908,1131,786,418,152,485,0,0,199,4,1,9929,2490,6,82,171,78,3062,469,9757,2717,16703,1019,178,1540,288,246,891,,786,418,981,786,418,152,485,0,0,9757,16703,2717,1019,178,1540,288,246,891,9929,2490,3062,469,1,199,4,6,142,171,78
2015-Feb,1239,5925,1239,746,462,155,556,0,0,329,1,3,10029,2579,9,90,181,119,3244,384,10264,2984,16892,1196,185,1567,339,235,827,,746,462,934,746,462,155,556,0,0,10264,16892,2984,1196,185,1567,339,235,827,10029,2579,3244,384,3,329,1,9,128,181,119
2015-Mar,1261,6637,1261,966,540,189,566,0,3,379,2,21,11208,2741,6,120,130,103,3606,469,11685,3581,19917,1393,149,1989,328,253,875,,966,540,1002,966,540,189,566,0,3,11685,19917,3581,1393,149,1989,328,253,875,11208,2741,3606,469,21,379,2,6,155,130,103
2015-Apr,1510,6537,1510,984,490,167,507,0,1,454,5,14,11071,2902,7,147,170,81,4029,390,11522,3341,19951,1535,189,1840,323,219,826,,984,490,1077,984,490,167,507,0,1,11522,19951,3341,1535,189,1840,323,219,826,11071,2902,4029,390,14,454,5,7,175,170,81
2015-May,1527,6357,1527,785,538,170,509,0,2,439,11,41,11364,3058,10,119,165,127,3813,396,11286,3440,18700,1405,204,1923,355,236,792,,785,538,1108,785,538,170,509,0,2,11286,18700,3440,1405,204,1923,355,236,792,11364,3058,3813,396,41,439,11,10,247,165,127
2015-Jun,1531,6310,1531,786,566,187,437,0,1,525,37,60,11496,3302,7,118,160,103,4337,422,11887,3448,17991,1227,184,1986,398,252,775,,786,566,1115,786,566,187,437,0,1,11887,17991,3448,1227,184,1986,398,252,775,11496,3302,4337,422,60,525,37,7,261,160,103
2015-Jul,1522,6721,1522,804,578,169,485,0,3,641,44,64,11676,3474,12,140,149,125,5159,468,12392,3999,18831,1132,219,2084,482,270,790,,804,578,1214,804,578,169,485,0,3,12392,18831,3999,1132,219,2084,482,270,790,11676,3474,5159,468,64,641,44,12,289,149,125
2015-Aug,1413,5962,1413,786,570,188,470,0,4,601,42,72,10982,3396,19,138,142,140,5096,449,11296,3509,17217,1027,202,2170,324,253,746,,786,570,1132,786,570,188,470,0,4,11296,17217,3509,1027,202,2170,324,253,746,10982,3396,5096,449,72,601,42,19,297,142,140
2015-Sep,1397,6042,1397,788,551,186,426,0,1,743,51,77,10553,3215,8,104,123,137,4564,426,11040,3349,17100,942,195,2043,322,233,704,,788,551,1113,788,551,186,426,0,1,11040,17100,3349,942,195,2043,322,233,704,10553,3215,4564,426,77,743,51,8,300,123,137
2015-Oct,1425,6105,1425,770,548,213,524,0,6,827,38,122,10607,3308,18,161,142,158,4314,429,12578,3704,18677,1062,183,2305,395,233,679,,770,548,1165,770,548,213,524,0,6,12578,18677,3704,1062,183,2305,395,233,679,10607,3308,4314,429,122,827,38,18,336,142,158
2015-Nov,1397,5925,1397,694,622,258,461,0,8,949,65,224,9777,3320,35,122,121,146,4329,435,12384,3556,17931,1126,173,2289,410,240,684,,694,622,1079,694,622,258,461,0,8,12384,17931,3556,1126,173,2289,410,240,684,9777,3320,4329,435,224,949,65,35,406,121,146
2015-Dec,1374,5812,1374,689,526,265,419,0,11,986,76,412,9351,3233,41,115,122,144,4285,418,11446,3129,16297,864,135,1950,372,232,566,,689,526,1109,689,526,265,419,0,11,11446,16297,3129,864,135,1950,372,232,566,9351,3233,4285,418,412,986,76,41,486,122,144
2016-Jan,1614,6118,1614,750,631,298,495,0,10,1148,127,913,10145,3820,37,142,148,142,4800,496,12439,3561,16779,937,142,2190,470,251,657,,750,631,1180,750,631,298,495,0,10,12439,16779,3561,937,142,2190,470,251,657,10145,3820,4800,496,913,1148,127,37,620,148,142
2016-Feb,1680,6229,1680,796,684,429,553,0,10,1147,118,1076,10249,3692,27,107,112,128,4763,542,13334,3621,18008,1082,153,2216,512,277,500,,796,684,1316,796,684,429,553,0,10,13334,18008,3621,1082,153,2216,512,277,500,10249,3692,4763,542,1076,1147,118,27,748,112,128
2016-Mar,1563,6749,1563,904,701,495,648,0,15,1454,123,1376,10385,4075,28,116,143,155,5090,595,14173,4075,20075,1248,136,2671,545,254,579,,904,701,1303,904,701,495,648,0,15,14173,20075,4075,1248,136,2671,545,254,579,10385,4075,5090,595,1376,1454,123,28,839,143,155
2016-Apr,1520,6644,1520,926,657,493,598,0,21,1487,184,1526,9996,3965,30,142,135,175,4770,603,13775,4167,19673,1127,165,2485,556,325,478,,926,657,1206,926,657,493,598,0,21,13775,19673,4167,1127,165,2485,556,325,478,9996,3965,4770,603,1526,1487,184,30,943,135,175
2016-May,1554,6305,1554,862,660,1088,625,0,17,1530,149,1876,9884,3982,63,128,234,247,4440,581,13207,3822,17235,1145,150,2580,562,304,532,,862,660,1255,862,660,1088,625,0,17,13207,17235,3822,1145,150,2580,562,304,532,9884,3982,4440,581,1876,1530,149,63,1064,234,247
2016-Jun,1593,5908,1593,712,669,1373,603,0,28,1663,149,2191,9081,3973,44,155,220,261,4810,550,13009,3884,16093,1001,174,2694,489,277,473,,712,669,1338,712,669,1373,603,0,28,13009,16093,3884,1001,174,2694,489,277,473,9081,3973,4810,550,2191,1663,149,44,1107,220,261
2016-Jul,1468,5451,1468,756,603,1326,651,0,31,1809,158,2345,9344,3893,34,175,216,30,4950,538,12943,3768,15083,905,166,2991,552,320,493,,756,603,1124,756,603,1326,651,0,31,12943,15083,3768,905,166,2991,552,320,493,9344,3893,4950,538,2345,1809,158,34,1284,216,30
2016-Aug,1575,5634,1575,672,626,1293,559,0,40,2023,218,2654,9418,4136,33,247,265,35,4915,575,13006,3804,15315,941,180,2915,447,241,531,,672,626,1296,672,626,1293,559,0,40,13006,15315,3804,941,180,2915,447,241,531,9418,4136,4915,575,2654,2023,218,33,1368,265,35
2016-Sep,1419,5248,1419,709,579,1332,533,0,27,1850,231,2905,8516,3687,35,261,231,27,4879,513,12424,3318,14834,852,169,2542,449,283,416,,709,579,1136,709,579,1332,533,0,27,12424,14834,3318,852,169,2542,449,283,416,8516,3687,4879,513,2905,1850,231,35,1350,231,27
2016-Oct,1433,5220,1433,729,558,1404,602,0,23,1888,316,3382,8237,3822,55,289,256,39,4737,533,13616,3808,15496,901,170,2895,554,320,481,,729,558,1204,729,558,1404,602,0,23,13616,15496,3808,901,170,2895,554,320,481,8237,3822,4737,533,3382,1888,316,55,1495,256,39
2016-Nov,1499,5264,1499,676,587,1315,669,0,30,1969,402,3282,8324,3786,43,297,256,51,4368,478,14296,3585,15808,786,160,2921,611,257,441,,676,587,1217,676,587,1315,669,0,30,14296,15808,3585,786,160,2921,611,257,441,8324,3786,4368,478,3282,1969,402,43,1408,256,51
2016-Dec,1383,4849,1383,663,518,1309,565,0,41,1984,444,3217,7971,3546,52,300,243,52,3880,491,12889,3136,13758,718,141,2389,510,260,373,,663,518,1187,663,518,1309,565,0,41,12889,13758,3136,718,141,2389,510,260,373,7971,3546,3880,491,3217,1984,444,52,1382,243,52
2017-Jan,1667,5401,1667,726,638,1439,686,4,31,2252,524,3632,8400,4176,9,336,239,42,4346,562,14388,3519,14701,796,152,2831,569,306,408,,726,638,1277,726,638,1439,686,4,31,13588.2183876951,13743.7987627728,3389.54336255488,735.384623281727,143.347235052055,2497.40553402639,524.102052291287,265.562487560338,400.61459092174,7944.55058686693,3623.64711146631,3913.33488375995,489.862899235625,3213.01480510507,1981.98609186581,489.429369647278,9,1554,239,42
2017-Feb,1466,5459,1466,681,695,1533,754,3,45,2270,510,3964,8369,3971,14,406,234,31,4070,555,14901,3706,14721,854,154,2976,700,313,559,,681,695,1230,681,695,1533,754,3,45,14310.4917078294,14952.0274519694,3466.76634424754,758.694142570007,149.060597268522,2466.77403578654,518.087929724048,264.530349788495,393.14200493141,7918.38736684621,3545.58440558373,3897.28265372546,488.939983137671,3209.03871241142,1979.9760279583,518.857439143832,14,1554,234,31
2017-Mar,1628,6511,1628,780,652,1751,809,14,80,2592,694,4517,9358,4618,16,486,286,54,4624,655,17280,4637,17527,1080,195,3300,807,359,508,,780,652,1409,780,652,1751,809,14,80,14670.1283637829,16791.519987408,3716.35936302763,762.258416568507,151.710898370104,2721.90907961074,515.634370529749,263.506406631068,401.499070049014,7892.50724321515,3544.59419884973,3872.66923574459,480.825218020725,3205.07170112959,1977.96980093946,544.960006831196,16,1837,286,54
2017-Apr,1433,5655,1433,805,568,1652,823,23,62,2628,583,4126,8102,4109,20,620,195,46,3928,507,15752,4280,16100,959,213,3249,662,351,545,,805,568,1309,805,568,1652,823,23,62,14427.8976645287,16675.5841409825,3927.50647571484,746.484796462589,184.941316396798,2412.71334859301,512.595089785415,262.490593027259,402.577242715147,7866.90715275884,3538.79091970739,3850.49677732934,493.150828038109,3201.11375051759,1975.96740348529,563.914536562868,20,1738,195,46
2017-May,1503,5594,1503,822,647,1751,691,25,59,3018,709,4421,8485,4301,21,748,246,55,4107,587,16291,4349,16552,1005,186,3216,535,312,614,,822,647,1517,822,647,1751,691,25,59,13928.3570593775,14484.8552334792,3435.16040587389,739.856565414997,205.441119543033,2426.61573664445,509.695709253995,261.482844432819,406.866914739555,7841.58406540755,3538.89167647918,3828.56490855472,482.380770048058,3197.16483988081,1973.96882828576,579.506993054494,21,1911,246,55
2017-Jun,1327,5216,1327,666,627,1640,774,55,78,3032,705,4558,8088,4405,21,839,265,66,4207,576,16173,4490,14798,804,206,2942,461,374,534,,666,627,1339,666,627,1640,774,55,78,14000.448419431,13309.7771542025,3558.96150017471,735.337611451828,187.658084352029,2516.41646924672,506.808768291959,260.483096815946,409.608407743051,7816.53498387812,3539.21563029272,3806.80194843719,489.814748897855,3193.22494857192,1971.97406804481,591.360949136992,21,1873,265,66
2017-Jul,1363,5285,1363,671,581,1839,794,34,92,3322,766,4921,7855,4598,23,943,265,34,4354,657,17064,4611,14333,736,212,3535,539,372,537,,671,581,1327,671,581,1839,794,34,92,14163.329970762,12721.5207241086,3434.57624407329,736.558234131763,200.351818268714,2707.53528271426,503.956188098543,259.491286653216,412.963780923954,7791.75694331917,3540.05430958346,3785.27085084502,484.643267954373,3189.29405599074,1969.98311548029,600.829589553595,23,1951,265,34
2017-Aug,1401,5189,1401,651,661,1786,759,35,72,3307,775,5074,7790,4474,23,1064,235,34,4192,613,17472,5051,14905,776,205,3675,397,322,661,,651,661,1328,651,661,1786,759,35,72,14054.5466048029,12834.587762557,3376.76788503431,731.372565927271,207.483131923655,2682.30556172104,501.133736903625,258.507350925544,415.953391501855,7767.2470109602,3540.96585491088,3763.9644863524,490.016509024576,3185.37214158413,1967.99596332396,608.160758983721,23,2080,235,34
2017-Sep,1212,4869,1212,605,566,1574,767,41,80,2836,879,4619,6755,4085,27,1107,223,29,3782,544,16949,4641,14493,662,146,3298,434,330,605,,605,566,1174,605,566,1574,767,41,80,13675.0738944419,12713.7104525009,2988.20206887042,729.130062991388,203.207557355596,2413.67885126706,498.341766640818,257.531227114186,419.023534701008,7743.00228576441,3541.92784135663,3742.87928106332,484.405281750181,3181.45918484591,1966.01260432146,613.949244797371,27,1870,223,29
2017-Oct,1337,4787,1337,593,556,1799,799,49,81,3158,813,4798,6786,4175,27,1284,268,27,3908,618,18735,5053,16033,848,165,4098,435,350,556,,593,556,1335,593,556,1799,799,49,81,14497.7869379548,13347.3227017593,3300.7935568124,723.337532528833,155.303065925492,2744.62758620698,495.579830810013,256.56285319676,421.973263301921,7719.01989808541,3542.90113614597,3722.01318742795,490.296440050931,3177.55516531673,1964.03303123226,618.463651757722,27,1861,268,27
2017-Nov,1398,4904,1398,660,504,1627,841,87,88,3128,868,5089,6654,4268,29,1368,208,27,3679,655,18935,5117,16377,875,176,3873,423,376,648,,660,504,1371,660,504,1627,841,87,88,15023.684753026,13407.7845591112,3238.77448276942,721.92093357965,161.645973452166,2853.47601405085,492.847626862156,255.602167643309,424.895372733043,7695.29700932749,3543.8797392593,3701.36393595255,485.263088651233,3173.66006258396,1962.05723682966,622.011818742047,29,2000,208,27
2017-Dec,1299,4046,1299,562,418,1550,735,59,78,2787,782,4225,5538,3765,34,1350,211,23,3146,517,16207,4022,13428,583,140,3519,458,315,659,,562,418,1126,562,418,1550,735,59,78,13922.7989630073,11567.476300254,2654.64174595945,717.113880734684,171.599562283136,2476.01610383466,490.144831140008,254.649109412391,427.749303091177,7671.83081160968,3544.85976089354,3680.92926585933,489.901069841962,3169.77385628161,1960.08521390076,624.786977016732,34,1720,211,23
2018-Jan,1600,4435,1600,592,462,1863,802,64,70,3293,858,4819,6030,4486,34,1495,,23,3760,546,16307,4209,,,,,,,,,1293.64002173812,4134.82014704973,1225.51408156683,595.196882109607,426.051816860252,1544.05834319438,152.829508724107,156.997205703114,105.309468843379,14388.7030316397,11265.6909428454,2929.55576277709,715.561224051676,144.685314372163,2569.61372134633,487.471127736442,253.7036179472,430.554992870248,7648.61852743338,3545.84029089997,3660.7069478226,485.998755729857,3165.89652609019,1958.11695524642,626.964207191269,30.6883666566327,1817.68026292372,213.692854075897,25.0563877953641
2018-Feb,1375,4103,1375,580,508,1760,931,65,64,3273,946,4443,5186,4058,29,1408,,21,3418,584,16393,4517,,,,,,,,,1590.42936813729,4182.94394748889,1214.39701220729,580.850682823235,475.613595817029,1538.15627042894,167.742047113944,173.632266561578,145.368334578407,14996.7257811095,12434.7822978113,2886.26377262638,710.738047625751,143.465861841123,2582.30879499737,484.826203397627,252.765633171718,433.304892315165,7625.65740935365,3546.82090949341,3640.69477527148,489.946826175202,3162.02805173663,1956.15245368125,628.669040027222,31.6537670703067,1885.81846872778,205.988318667,26.8802065143221
2018-Mar,1520,4475,1520,589,548,2026,1092,89,98,3812,1195,4891,5553,4405,27,1382,,21,4072,612,17970,5112,,,,,,,,,1368.57686667612,4503.13084676411,1211.51534564779,587.913154563785,496.388438312001,1532.29351798999,162.539444989803,197.909116820401,113.125832889238,15109.7757567754,14221.0024279917,3100.46328355216,709.049690829094,142.267248221015,2789.34926425414,482.209748372328,251.835095486897,436.003899746555,7602.94473965397,3547.80149660752,3620.89056439583,486.468666981898,3158.16841299416,1954.19170203356,630.00559411509,28.1072517006456,1929.79103205061,210.943653882869,28.4977587713042
2018-Apr,1311,4385,1311,612,528,1995,1031,99,107,3688,1136,4818,4977,4032,27,1554,,20,3580,623,17030,4746,,,,,,,,,1511.54847872887,4264.70931773179,1274.61757113648,573.966341396644,555.15226468912,1526.46982392075,192.173439774791,200.360977212002,153.184698624266,14951.6541063888,14319.1239287942,3293.21335495199,704.553516632585,141.089117401046,2482.59693545265,479.621456220491,250.911945766874,438.6512356197,7580.47783002459,3548.78200463936,3601.29215410722,489.994675515637,3154.31758968221,1952.23469314538,631.052623252595,25.7232451391071,2282.29760032666,232.453159080581,29.932372462276
2018-May,1183,4263,1183,585,589,2169,965,104,97,3918,1159,5105,4896,4257,23,1554,,16,3631,635,17639,4738,,,,,,,,,1305.47215514939,4641.87719274004,1331.02073454723,629.057889227814,556.059480016278,1520.68492800959,194.515176959326,210.738809079797,151.230607612801,14557.6362692446,12384.8931467824,2809.93766182035,702.885244058978,139.931119355907,2473.66081174725,477.061023804518,249.996125355215,441.248670136546,7558.25402124434,3549.7624185788,3581.89740577638,487.026785487934,3150.47556166629,1950.28141987236,631.873237790759,25.3370849736375,2157.04662432307,253.069811973392,31.2047371932701
2018-Jun,1069,3913,1069,504,565,1953,961,124,92,3844,1146,4795,4467,4067,23,1837,,14,3159,677,16860,4508,,,,,,,,,1179.26273209592,4005.99489102699,1277.27172028385,555.38642404481,571.538978618191,1514.93857177848,207.220333818781,199.688080237236,160.024017164392,14726.0323491167,11256.6568539862,2868.28323459453,698.618673197537,138.792910041782,2555.75636219844,474.528151249006,249.087576061183,443.796789378087,7536.27068286586,3550.74273288809,3562.70420299726,490.017391188281,3146.64230885793,1948.33187508384,632.516202903345,22.4998726779085,2071.36306775063,248.911857801673,32.3332026602215
2018-Jul,1344,3979,1344,517,560,1958,1022,129,104,4176,1243,4836,4626,4184,21,1738,,37,3680,695,17988,4417,,,,,,,,,1066.85746468893,4140.67437389023,1281.11124763458,545.274091753151,540.409282448015,1509.23049847138,198.936937679849,178.010051611761,123.873333452295,14995.7412667477,10942.1757873288,2862.80173753771,696.895857518506,137.674151294134,2655.58068286092,472.022541906462,248.186240156045,446.296690557301,7514.5252129043,3551.72294574198,3543.71045135703,487.529627537892,3142.8178112145,1946.38605166271,633.020071413768,21.7275523469693,2057.95512853271,234.655547789809,33.3340432832614
2018-Aug,1355,3666,1355,552,549,1903,1020,127,107,4437,1381,5003,4717,4239,21,1911,,27,3597,710,17874,4141,,,,,,,,,1338.01052203036,3892.62514616885,1258.77165510494,500.05997980118,555.646541339749,1503.56045304279,215.151226214147,175.745749901312,126.804469969492,14774.2032729783,11068.4826466061,2642.10103831565,692.840094883197,136.57451072723,2619.6529310708,469.543902322407,247.292060369405,448.749213068719,7493.01503752929,3552.70305649558,3524.9140782075,490.115097972493,3139.00204873918,1944.44394250551,633.414886428054,20.3089461991049,2254.33549675722,225.916640716122,34.2216929119495
2018-Sep,1265,3462,1265,529,485,1743,963,114,88,4076,1319,4375,4028,3935,20,1873,,28,3154,679,16158,3809,,,,,,,,,1348.85664432402,3789.38506651615,1238.84455254771,567.401064082735,552.980065027456,1497.92818214636,214.962778772763,152.163108411818,129.735606486689,14519.5563753208,11253.9809120247,2406.88328566439,691.102412207549,135.493661635391,2388.46179889128,467.091942201042,246.404979885561,451.155287992287,7471.73761076034,3553.68306493759,3506.31303243897,487.984413701466,3135.19500148081,1942.50554052229,633.724272738434,19.9227860336353,2351.76233026795,236.483096521927,35.0089529863027
2018-Oct,1334,3805,1334,583,567,1885,1174,132,85,4390,1401,4781,4218,4278,16,1951,,30,3299,798,18329,4394,,,,,,,,,1260.11564373955,3492.36322703903,1254.66042803751,515.664881633742,503.484654544858,1492.33343412357,193.222244600234,135.91859343153,110.194696372041,15130.4206484864,11914.4849037778,2551.13549577016,687.255616137949,134.43128289593,2652.54008979369,464.666374371237,245.524942339896,453.515779938888,7450.69041416545,3554.6629710007,3487.90528425634,490.232284961657,3131.39664953379,1940.57083863665,633.966702386814,19.213482959703,2129.94216180001,220.076107110604,35.7071771556596
2018-Nov,1184,3662,1184,561,572,1819,1156,161,93,4113,1345,4340,3790,3944,14,2080,,63,3000,721,18215,4278,,,,,,,,,1328.15041085431,3989.59020328702,1304.74982412,596.714362425995,561.01667343449,1486.77595899246,203.317218139748,153.549499800753,144.391289072674,15513.979529074,11837.0422742653,2624.6277290968,685.504498948075,133.387058873741,2766.26792968218,462.266914752899,244.6518918153,455.831559305027,7429.87095656308,3555.64277466891,3469.68882495768,488.427047992445,3127.606973038,1938.6398297857,634.156670409871,16.1831905812393,2351.04584653388,229.671938846879,36.3264350179037
2018-Dec,1115,3155,1115,472,396,1472,959,181,95,3839,1160,3858,3199,3536,9,1870,,24,2737,642,15537,3392,,,,,,,,,1180.24874321353,3381.76908181936,1235.66193211984,527.706229243124,553.343500419406,1481.2555084365,199.875677780152,140.822314214732,137.551970532548,14677.9230167271,10199.8013208994,1988.46002418399,681.845844878772,132.360679327526,2476.84688229272,459.893282323708,243.785772838612,458.103469939448,7409.27677372725,3556.62247594361,3451.661666715,490.36851263188,3123.82595217868,1936.71250692004,634.305525444871,13.9922641024356,2095.86755251358,232.675947620947,36.8756573404485
2019-Jan,1225,3515,1225,527,502,1697,1003,196,90,4515,1455,4380,3619,4123,13,1861,,26,2932,666,17167,3997,,,,,,,,,1112.21397609877,3474.9406908278,1175.23248298311,507.881811371921,439.686535745717,1475.77183579348,154.911681216158,118.66280442461,120.942196935097,14976.5402052776,9724.3401044007,2231.18839868556,680.087915991413,131.351839317621,2550.0201486369,457.545199086194,242.9265303771,460.332344271903,7388.90542809586,3557.60207483229,3433.82184235733,488.844143470887,3120.05356718631,1934.78886300371,634.422165332131,10.0595885673048,1966.23295628081,218.134928939332,37.362764857321
2019-Feb,1231,3502,1231,559,524,1628,1012,196,104,4522,1389,4400,3428,3916,17,2000,,31,2704,633,17749,4301,,,,,,,,,1220.67519903534,3135.14181121356,1114.11692273156,512.626661930307,499.146979851606,1470.32469604445,167.23867574477,129.117974042247,133.643788509618,15490.0940944165,10847.8018531622,2167.91816088152,676.60759187441,130.360239115397,2590.12008712832,455.222390035185,242.07410983496,462.518996891005,7368.75450848223,3558.58157134453,3416.16740515607,490.529659750137,3116.28979833654,1932.86889101419,634.513560149401,11.9314004493598,2200.00805150111,220.395443852725,37.7947824998202
2019-Mar,1234,3964,1234,576,535,1728,1058,223,89,5075,1633,4751,3753,4335,21,1720,,19,2973,728,20144,4552,,,,,,,,,1226.59126574097,3761.66903672432,1180.32371574087,554.568003702598,476.20673547774,1464.91384580284,164.367100897668,127.996479084304,133.643788509618,15492.9693594733,12650.298724351,2297.57860461871,674.850148539944,129.38558411421,2777.97015886552,452.924583125596,241.228457049851,464.664227895287,7348.82162978966,3559.56096549066,3398.69642861257,489.240898729015,3112.53462595006,1930.95258394236,634.585172940106,15.5409330760279,2490.97699849056,228.174679506976,38.1779407081534
2019-Apr,1188,3552,1188,551,470,1576,968,233,86,4662,1497,4321,3581,4254,15,2460,,32,3115,655,20054,4660,,,,,,,,,1229.54929909379,3894.56828352017,1361.36285131596,568.026362362617,532.079938448972,1459.53904330354,195.083546467245,120.449482099382,169.794472221716,15372.4637423857,12904.202656813,2542.09555123185,671.536213913073,128.427584741876,2510.6968713854,450.651509240569,240.389518289451,466.768821800085,7329.10443272912,3560.54025728124,3381.40700624787,490.707136654784,3108.78803039253,1929.03993479249,634.641284043211,19.150465702696,2530.2911977121,235.044874466449,38.5177652851403
2019-May,1227,3397,1227,476,522,1518,960,209,95,4989,1471,4361,3332,4237,9,2459,,20,3137,682,19128,4359,,,,,,,,,1184.19278768395,3711.04255968483,1434.37654554416,555.933305347922,516.544526860914,1454.2000483921,183.870610627125,116.582204266345,161.978108175857,15082.4456595145,11207.5557146085,2034.21487413394,669.784013647337,127.485956374632,2505.45238812488,448.402902159951,239.557240248042,468.833548453468,7309.60058354004,3561.51944672692,3364.29725139468,489.622705364538,3105.04999207442,1927.13093658218,634.685247885018,15.6669675900419,2355.71554552754,218.741213346984,38.8191570878285
2019-Jun,1192,2862,1192,439,504,1416,932,201,72,4553,1479,4112,2966,3899,16,2355,,10,3117,535,17515,4005,,,,,,,,,1222.64722127055,3246.16254811915,1309.4628089544,472.005291046521,514.553324245815,1448.89662251402,177.225508499532,117.141023180832,148.299471095604,15270.3590695151,10146.7160614948,2083.33367476276,666.62591984956,126.560419252579,2601.00319467351,446.178498529119,238.731570043128,470.859163032334,7290.30777371407,3562.49853383838,3347.36529699152,490.899363552679,3101.32049145097,1925.22558234238,634.7196929026,10.2526686500396,2442.85788693275,224.122086871287,39.0864627063127
2019-Jul,1217,3224,1217,480,536,1535,1043,241,122,5149,1602,4309,3464,4256,20,2537,,16,3072,640,20041,4265,,,,,,,,,1188.13683215437,3051.66243425831,1203.53118651473,467.60335981882,488.348613965101,1443.62852870407,156.153885572037,110.556988525201,135.597879521083,15571.1647033854,9987.02124285743,2155.87094334536,664.883885179961,125.650698396563,2654.86862425542,443.978037828132,237.912455212067,472.846406448208,7271.22371972182,3563.4775186263,3330.60929537895,489.990036605672,3097.59950902204,1923.32386511734,634.74667884894,14.0593096711565,2439.4203301115,224.864794439532,39.3235371490677
2019-Aug,1164,2815,1164,418,517,1453,978,253,112,5064,1600,3821,2959,3913,14,2295,,10,2568,637,20257,4486,,,,,,,,,1212.7871100945,3142.47640037144,1265.58826479891,470.676325201108,516.513553677844,1438.39553157572,173.732490127693,105.278150379696,135.597879521083,15296.276091872,10182.9782338135,1858.7585489258,661.872056586251,124.756523526479,2614.96566869637,441.801262341224,237.099843708745,474.796005559425,7252.34616274259,3564.45640110139,3314.02741809796,491.10493877836,3093.88702533205,1921.42577796458,634.767819743053,18.248082546029,2530.42542782589,232.38030951865,39.5337994388254
2019-Sep,1156,2773,1156,405,593,1368,900,260,93,4975,1606,4025,2936,3783,15,2328,,15,2574,626,19207,4474,,,,,,,,,1160.52852086142,2870.13947753474,1318.06838482127,441.779623271941,523.357441314617,1433.1973973106,179.907488263374,100.183013786374,111.171741877774,15116.7838283502,10613.1731370553,1699.33954858235,660.144232621692,123.877628980968,2418.58708921479,439.647917126615,236.293683900264,476.708673463683,7233.67286839703,3565.43518127433,3297.61785569046,490.345272065125,3090.18302096985,1919.53131395488,634.784380371623,14.7645844333748,2238.63636759115,226.124037730208,39.7202819207851
2019-Oct,1227,3223,1227,485,580,1438,1008,300,131,5445,1747,4252,2950,4052,7,2458,,18,3129,642,23414,5138,,,,,,,,,1152.64043192058,2904.40144298542,1308.72846599681,415.699459021223,595.868894903206,1428.03389364809,165.308286482378,100.370572467526,125.827424463759,15602.9514674135,11306.2456281168,1795.17435376161,657.269691219679,123.01375363849,2626.63291836928,437.517749986656,235.493924563666,478.585109746759,7215.20162648262,3566.41385915581,3281.37881750178,491.321416162769,3086.4874765686,1917.64046617224,634.797351832197,14.3154070108982,2314.20091072392,225.092468433063,39.8856739942658
2019-Nov,1197,3249,1197,490,498,1555,1021,332,129,5500,1570,4262,2874,4140,19,2612,,10,2899,612,23602,4883,,,,,,,,,1222.64722127055,3167.19807893325,1371.52256332343,478.730652104439,583.455331583943,1422.9047898749,166.736017184852,99.8117535530387,133.643788509618,15868.956990179,11158.8881421803,1896.93378958586,655.559609595437,122.164640839743,2723.66782324632,435.410511438291,234.700514882673,480.426000743886,7196.93025071216,3567.39243475653,3265.30853148535,490.690325868384,3082.80037280574,1915.75322771387,634.807510767914,8.83406250217517,2437.64296768288,225.744620318368,40.0323608984876
2019-Dec,1202,2713,1202,441,449,1340,898,343,137,5025,1564,3646,2515,3635,19,2352,,4,2602,612,20058,4150,,,,,,,,,1193.06688774239,3089.02560074619,1359.04143613948,470.703706681965,498.663164533884,1417.80985681478,179.715130385668,84.2653044710489,114.102878394971,15242.3855452257,9687.18109042302,1341.37608598732,652.814137591601,121.330038311412,2487.54803030423,433.325954683838,233.913404444462,482.232019788295,7178.8565784549,3568.37090808717,3249.40524400924,491.547362211093,3079.1216904028,1913.86959169014,634.81546576602,15.8010587274836,2635.14527046698,234.315414106389,40.1624581118386
2020-Jan,1489,3029,1489,447,498,1697,,,,5966,1738,3743,2936,4390,17,2516,,19,2913,655,,,,,,,,,,,1197.99694333042,2852.97628297526,1374.47140794943,462.508998714151,458.041246497541,1412.74886681828,188.430543704171,70.8806504261343,96.5160592917881,15430.3923322156,9092.70484407612,1473.16878376165,651.124850035716,120.509698091215,2535.62731413699,431.263835582084,233.132543236459,484.003827458635,7160.97847048062,3569.34927915842,3233.66721966486,491.026472297866,3075.45141012537,1911.98955122459,634.821693725676,18.1180197203012,2415.24844692179,216.38098273312,40.2778418607252
2020-Feb,1337,3073,1337,496,487,1628,,,,5871,1686,4023,2887,4017,16,2577,,19,2772,669,,,,,,,,,,,1480.98213408311,2804.45019434713,1342.09478316362,433.539161418477,469.63118429011,1407.72159375259,202.39842821368,33.0934966752133,146.345380084139,15858.4236186175,10163.1113070212,1486.64074420354,648.500834832654,119.703376454232,2580.52171995485,429.223912619693,232.357881643164,485.742071820069,7143.29381070644,3570.32754798097,3218.09274107757,491.781472334729,3071.78951278296,1910.11309945387,634.826568351768,16.6994135724367,2399.84006976528,214.76530090624,40.3801761779961
2020-Mar,1639,3436,1639,540,572,1728,,,,7601,2056,4616,3115,5068,19,2718,,10,3343,708,,,,,,,,,,,1331.10844420712,3315.49116646492,1524.81945038004,491.81659069702,482.295025879452,1402.72781299142,197.719789289679,73.4987577043228,144.391289072674,15824.6011327741,11989.8824005134,1500.54971836672,646.834937607336,118.910833840498,2745.62747475741,427.205946882916,231.589370442997,487.447388661549,7125.80050594629,3571.30571456551,3202.68010871925,491.355024200949,3068.13597922891,1908.24022952775,634.830382485328,15.6039503330349,2558.61537919653,233.758065798612,40.4709369011687
2020-Apr,2304,4144,2304,720,679,1576,,,,9731,2557,5378,4007,6838,11,3262,,9,3990,879,,,,,,,,,,,1628.88380172389,3417.14746486427,1726.62179301534,523.014250255019,577.100787008924,1397.76730140495,204.297794739,97.0215161095711,169.794472221716,15717.7254440075,12350.1281778501,1834.43104051824,644.325342139216,118.131834783825,2515.97143702516,425.209702029613,230.82696080517,489.120401728263,7108.49648566325,3572.28377892271,3187.42764072289,492.022522035356,3064.49079036029,1906.37093460905,634.833365600893,17.5387794720968,2824.84782531414,261.03346818115,40.5514329565536
2020-May,2326,4044,2326,756,746,1518,,,,9871,2529,5185,3859,7250,13,3681,,5,4023,823,,,,,,,,,,,2284.58119493135,4273.72662764749,1884.81744291144,687.721331256715,674.008325463721,1392.83983734991,230.618760080135,111.976263095605,173.702654244645,15513.7840792001,10857.2246499064,1304.91437054121,642.685042857481,117.366147841847,2512.44167499776,423.234944261576,230.070604286586,490.761722949822,7091.37970172439,3573.26174106327,3172.33367269904,491.677071991691,3060.8539271178,1904.50520787367,634.83569751823,12.4435951288433,3252.60501931089,282.34273452121,40.6228252362316
2020-Jun,2208,3620,2208,640,729,1416,,,,9459,2233,4721,3646,6579,9,3563,,11,3691,755,,,,,,,,,,,2306.27343951867,3762.81142985769,1950.04926619892,699.719673244515,727.804814137758,1387.94520065961,261.409561340855,124.541058924007,210.830383462476,15692.6890986248,9848.28020498905,1358.4060070683,640.283354407619,116.613545527257,2618.44819800877,421.281442297137,229.32025282876,492.371952664062,7074.44812815841,3574.23960099786,3157.39655755417,492.269533673734,3057.2253704857,1902.64304251052,634.837519146797,12.3175606148294,3665.54989521828,328.325449260911,40.6861433401221
2020-Jul,2030,3476,2030,605,724,1535,,,,9615,2286,4965,3584,6687,11,3639,,9,3454,700,,,,,,,,,,,2189.92412764125,3910.16357587449,2085.60790031789,645.739408097374,720.964951537375,1383.08317263416,297.307167384903,124.614539544881,201.059928405152,15981.1300067364,9750.88707536411,1509.88163817805,638.670506237369,115.873804240219,2649.20628633796,419.348967344092,228.575858754764,493.951679836639,7057.69976091581,3575.21735873717,3142.61466531094,491.993520716008,3053.60510149163,1900.7844317215,634.838940905384,9.86650848457003,3715.31063444961,329.669438835933,40.7423004245906
2020-Aug,1957,3050,1957,572,662,1453,,,,8695,2099,3999,2990,6237,10,3196,,2,3131,764,,,,,,,,,,,2014.41414870753,3155.41890215718,1977.55441258319,600.363499380435,696.082631612413,1378.25353603068,307.360311332624,119.519402951559,199.105837393687,15696.5258269233,10027.387899432,1171.76456085678,636.370688946194,115.14670420194,2611.29412119533,417.437293072896,227.8373747662,495.501482276445,7041.1326176317,3576.19501429188,3127.98638293038,492.52165436993,3049.99310120661,1898.92936872152,634.840049319817,10.5127943014953,3588.02113188601,330.993611535836,40.7921063717406
2020-Sep,1863,3005,1863,537,630,1368,,,,8291,2169,3935,2852,5878,6,3208,,10,3023,813,,,,,,,,,,,1942.43533712235,3163.96269620629,1840.0539463726,571.049221154551,646.712005001504,1373.45607505357,295.618387236024,124.133058380235,214.738565485405,15563.0534986328,10637.6562890064,1064.83362839863,634.786830789191,114.432029389367,2451.02234043046,415.546195590161,227.104753940193,497.021926846953,7024.74473739118,3577.17256767267,3113.51011413579,492.305169740517,3046.38935074487,1897.0778467384,634.840912193042,10.1896513930327,3165.77726546702,326.009729673333,40.8362794693112
2020-Oct,1686,2841,1686,522,619,1438,,,,8156,2041,3630,2811,5583,9,3213,,6,2763,651,,,,,,,,,,,1849.75029206746,3100.11655940536,1811.14157914909,562.372286986483,625.131426896653,1368.69057534489,275.827989197361,123.386680784596,172.725608738913,15969.3873908601,11348.5035257481,1163.15128325486,632.583286516546,113.729567471012,2621.27267879925,413.675453412431,226.37794972641,498.513569673556,7008.53418049719,3578.15001889021,3099.18427923861,492.778144742577,3042.79383126378,1895.22985901293,634.841582656469,7.15935901456892,3201.58974576001,308.252285239096,40.8754567696264
2020-Nov,1678,2903,1678,558,588,1555,,,,7746,1937,3302,2525,5159,5,2918,,6,2634,603,,,,,,,,,,,1675.22632425134,2964.27403467132,1793.54602855347,537.896904102552,620.42247421694,1363.95682397479,258.23157560572,120.412741788945,183.473109301969,16146.2369863976,11166.591863525,1260.58357064988,631.029677251076,113.039109743863,2702.12758664262,411.824847440244,225.656915944105,499.976956346976,6992.49902824099,3579.12736795518,3085.00731496603,492.612698689925,3039.20652396374,1893.38539879876,634.842102344674,8.51494790542641,3198.54010412019,285.939783161028,40.9102032769896
2020-Dec,1707,2756,1707,543,568,1340,,,,7712,1875,3183,2527,5419,7,2810,,6,2389,565,,,,,,,,,,,1667.3382353105,2686.98795554662,1724.32794826854,554.629191181371,602.577253105383,1359.25460943197,246.518980009298,103.00613441131,196.17470087649,15676.9125204528,9811.00488810683,826.032987394285,628.917207755479,112.360451071381,2506.36543889353,409.994160932471,224.941606779179,501.412622122824,6976.63738267501,3580.10461487826,3070.97767429039,493.038378355705,3035.6274100881,1891.54445936246,634.842503883139,6.25697585790189,2887.33360742927,282.602923866078,40.9410200960207
2021-Jan,,,,,,,,,,,,,,,,,,,,,,,,,,,,,,,1695.93255772105,2818.36369085617,1601.26866576917,545.344896380093,588.957354180888,1354.58372161425,237.859973738031,81.960405321195,172.725608738913,15796.6264552821,9121.25086889289,856.877799369774,627.394856950124,111.693389822555,2536.13370007337,408.183179480928,224.231976781272,502.821092117377,6960.94736638824,3581.08175967012,3057.09382626036,492.916688140018,3032.05647092305,1889.70703398341,634.842812837685,6.90326167482714,2711.26389729669,270.020101106023,40.9683516584499
2021-Feb,,,,,,,,,,,,,,,,,,,,,,,,,,,,,,,1685.01993659055,2556.52615781311,1474.2051875739,545.575781592912,576.381472056293,1349.9439518192,236.243777608359,80.0055878366335,170.503424978991,16147.5482111199,10129.3726281041,944.69575428682,625.36863031171,111.03772781199,2577.91230921374,406.39169098527,223.527980860878,504.202881499648,6945.42712228399,3582.05880234143,3043.3542558339,493.301815967656,3028.49368779752,1887.87311595385,634.843049242074,7.22080504888458,2638.27320044647,265.445707390184,40.9925921325905
2021-Mar,,,,,,,,,,,,,,,,,,,,,,,,,,,,,,,1674.25997083366,2547.80915976498,1441.60366444859,541.69058490341,561.532496524098,1345.33509273474,234.812349331342,81.0979519008201,168.332250323448,16112.0114746363,11959.7043607033,895.851513097797,623.878326236445,110.393270241034,2719.09615472887,404.619485628147,222.829574286475,505.558495679817,6930.07481336008,3583.03574290288,3029.75746371291,493.217638237787,3024.93904208307,1886.04269857882,634.843228795066,7.42736129638234,2673.14627061885,263.285166889838,41.0140911079267
2021-Apr,,,,,,,,,,,,,,,,,,,,,,,,,,,,,,,1663.65052497231,2661.4429559696,1453.91587162803,537.285724649796,562.032328644375,1340.75693842997,233.915823204447,81.1347277968335,166.21091388409,16009.6573486829,12387.8925174373,1274.55037077333,621.933846172162,109.759825639898,2521.3383550507,402.866355850631,222.136712681685,506.888430494088,6914.88862249144,3584.01258136513,3016.30196617965,493.56799472873,3021.39251519383,1884.21577517612,634.843363798444,7.6351835786073,2652.21975067364,261.008995195342,41.033158636797
2021-May,,,,,,,,,,,,,,,,,,,,,,,,,,,,,,,1653.1894934014,2739.51925412288,1459.73462386068,541.898607469483,563.082804305253,1336.20928434592,232.528844283707,81.5233987213241,164.138271649868,15870.1195090065,11061.3690464532,787.727999929017,620.476180818789,109.13720581077,2514.84721239471,401.132096327907,221.449352022457,508.193172386056,6899.86675221499,3584.98931773884,3002.9862949348,493.515977019343,3017.85408858637,1882.39233907633,634.843463892073,7.82247445957734,2616.42998853606,258.397238115225,41.0500697058843
2021-Jun,,,,,,,,,,,,,,,,,,,,,,,,,,,,,,,1642.87479997086,2786.38684725164,1476.59341556266,534.994708903623,560.021339438346,1331.6919272864,231.461395550051,81.7814574361866,162.113205869931,16032.7994154462,10074.243576127,803.132342988322,618.609258764441,108.525225771903,2622.60160227098,399.416503945226,220.767448634263,509.473198584624,6885.00742451694,3585.9659520347,2989.80899693725,493.836518544077,3014.32374375961,1880.57238362275,634.843536629895,7.99544680061499,2575.75632428402,257.402391614677,41.0650682019991
2021-Jul,,,,,,,,,,,,,,,,,,,,,,,,,,,,,,,1632.70439757366,2906.58990199833,1528.92297148365,538.556281291159,565.442872120028,1327.20466540895,230.269460623357,82.0746460093835,160.134624450831,16287.3355063481,9972.91213922098,1071.43218751944,617.184650426222,107.923703702656,2639.336573995,397.719377774113,220.090959189331,510.728977278562,6870.30888062229,3586.94248426336,2976.76863424558,493.812071364067,3010.80146225473,1878.75590217137,634.843587931295,8.15429875261142,2613.16022558552,255.348615572522,41.0783704293474
2021-Aug,,,,,,,,,,,,,,,,,,,,,,,,,,,,,,,1622.6762677395,2812.17023626644,1519.82253027778,533.855267165319,568.779266432436,1322.74729821581,229.130662998567,82.3463547893881,158.201460367573,16019.3547513554,10318.1913203838,688.007775219713,615.391380173329,107.332460889473,2603.33527175746,396.040519048842,219.419840703884,511.960967787751,6855.76938078668,3587.9189144355,2963.86378386106,494.107047534177,3007.28722565507,1876.9428880909,634.843622434791,8.30037044438101,2601.56949743578,253.874054215312,41.0901682290117
2021-Sep,,,,,,,,,,,,,,,,,,,,,,,,,,,,,,,1612.78842023422,2894.91907307752,1545.50108654489,535.685762320565,571.809972724735,1318.31962654496,228.005109262157,82.616233543639,156.312671088184,15916.1313501626,11049.6393152821,638.72083529871,614.000093740033,106.751321672789,2474.44519467604,394.379731143148,218.754050535417,513.169620731185,6841.3872040905,3588.89524256177,2951.09303757246,494.106236056918,3003.78101558603,1875.13333476268,634.843643775196,8.43465069240172,2599.0353845527,252.329475554511,41.1006317456298
2021-Oct,,,,,,,,,,,,,,,,,,,,,,,,,,,,,,,1603.03889266484,2828.9850602389,1589.88461790458,531.233193091121,573.729358057916,1313.92145256122,226.880879753791,82.8777697546935,154.46723801148,16264.4002673641,11761.2034999795,752.468908325626,612.276828340771,106.18011339484,2617.91427645295,392.736819547204,218.093546379982,514.355378191796,6827.16064823513,3589.87146865286,2938.45500180231,494.379290276422,3000.282813715,1873.32723558068,634.843654800805,8.55809961942327,2613.28475573147,250.85908702052,41.109911881175
2021-Nov,,,,,,,,,,,,,,,,,,,,,,,,,,,,,,,1593.42575009003,2920.32862181812,1625.38330667718,533.619516188745,570.576285326205,1309.5525797474,225.778681221164,83.1334187994873,152.664165917757,16378.1399730852,11561.098683619,843.123976114205,610.91899354156,105.618666348366,2685.36636595563,391.11159184484,217.438286269499,515.518673878149,6813.08802934153,3590.84759271941,2925.94829745489,494.398740892647,2996.7926017512,1871.5245839515,634.843657743584,8.67158916423078,2586.23330799257,249.45332183809,41.1181424712221
2021-Dec,,,,,,,,,,,,,,,,,,,,,,,,,,,,,,,1583.94708463615,2868.14508740896,1635.72555831556,528.786865660801,566.93601100886,1305.21281289555,224.68311398315,83.3825546448829,150.902482432074,16023.5417627615,10274.7611386077,528.88823408891,609.262324292744,105.06681372619,2522.45418162825,389.503857691003,216.788228569095,516.659933283079,6799.16768175088,3591.82361477209,2913.5715597657,494.652996981694,2993.31036144567,1869.72537329432,634.843654352535,8.77592317626477,2587.58618099957,248.000022076219,41.1254422150885
2022-Jan,,,,,,,,,,,,,,,,,,,,,,,,,,,,,,,1574.60101511856,2986.08393684276,1677.78560079134,531.269913655507,567.333431710147,1300.90195809822,223.602002288683,83.6256028229218,149.181237499864,16103.4676910574,9501.58455325885,494.004427490548,607.937952090224,104.524391571661,2541.63309184351,387.91342878947,216.143331974453,517.779573839318,6785.39795782745,3592.79953482157,2901.32343815254,494.689817188636,2989.83607459109,1867.92959704086,634.843645998203,8.87184018241712,2598.10539347794,246.637942535442,41.1319163876824
2022-Feb,,,,,,,,,,,,,,,,,,,,,,,,,,,,,,,1565.3856866683,2873.70590882872,1666.37275179925,526.711712637772,565.363910947812,1296.61982273977,222.532218972056,83.862622976759,147.499502874584,16387.4320511946,10439.2301507897,623.704127830749,606.344689396031,103.991238729941,2579.44235749911,386.34011887079,215.503555509193,518.878005072185,6771.77722776357,3593.77535287849,2889.20259606813,494.927953453783,2986.36972302176,1866.13724863542,634.843633754569,8.96001922939894,2581.14074820029,245.265943355683,41.1376583577491
2022-Mar,,,,,,,,,,,,,,,,,,,,,,,,,,,,,,,1556.29927036397,2897.26143487777,1663.99407801961,528.90502303597,563.058819868229,1292.36621548782,221.474174042837,84.0937951676797,145.856371617119,16363.4616988014,12245.555401017,571.619013753148,605.053686706693,103.467196800125,2699.16028006598,384.78374367047,214.868858522261,519.955628749366,6758.30387938676,3594.75106895353,2877.20771085427,494.9796632934,2982.91128861346,1864.34832153477,634.843618463219,9.04108456196313,2576.87922339373,243.923000210828,41.1427509344094
2022-Apr,,,,,,,,,,,,,,,,,,,,,,,,,,,,,,,1547.3399628687,2843.29853503952,1662.43551298007,524.58264724786,563.022719705446,1288.14094628465,220.428047648097,84.3192532001741,144.250957606685,16264.4014473933,12716.5742328195,946.320872314353,603.520842646308,102.952110088182,2529.74440425697,383.244120907397,214.239200685354,521.012839027876,6744.97631796886,3595.72668305734,2865.33747359752,495.203976047883,2979.46075328334,1862.56280920821,634.843600783632,9.11561006922698,2569.93337242799,242.596905202768,41.1472675614104
2022-May,,,,,,,,,,,,,,,,,,,,,,,,,,,,,,,1538.50598607233,2847.00527031426,1649.92879583908,526.701760206575,562.3923729121,1283.94382633874,219.393294283594,84.5391419128468,142.682395062951,16169.9601263905,11523.2289421129,547.824881368672,602.263025551978,102.445825560694,2519.33534661581,381.721070262483,213.614541990351,522.050022598219,6731.79296603731,3596.70219520058,2853.59058898634,495.268449256551,2976.0180989899,1860.78070513746,634.843581232588,9.184123341734,2560.58762385048,241.28723360633,41.1512733763103
2022-Jun,,,,,,,,,,,,,,,,,,,,,,,,,,,,,,,1529.79558673844,2816.81257738103,1636.36485676789,522.460974299804,560.072144318966,1279.7746681163,218.37007136142,84.7535976473477,141.149838079135,16316.9442964773,10528.4061024409,500.932546881284,600.787797994246,101.948192799392,2623.02879839155,380.214413357553,212.994842746776,523.067558825834,6718.75226318842,3597.6776053939,2841.96577516976,495.480907317626,2972.5833077328,1859.00200281673,634.843560215041,9.24710940763674,2552.66083812264,239.998912241095,41.1548261498756
2022-Jul,,,,,,,,,,,,,,,,,,,,,,,,,,,,,,,1521.20703615644,2868.13326290253,1637.3541697192,524.540166450076,558.245986116417,1275.63328533294,217.358111104935,84.9627550638375,139.652460165819,16530.0451802383,10381.460861856,890.113801202892,599.562903590926,101.459063956469,2630.72021990487,378.723973734449,212.380063579273,524.065819889848,6705.85266590269,3598.65291364796,2830.46176361749,495.556320877065,2969.15636155285,1857.22669575261,634.843538048322,9.30501416612055,2549.40341411338,238.723716642875,41.1579771192342
2022-Aug,,,,,,,,,,,,,,,,,,,,,,,,,,,,,,,1512.73862979847,2804.26649593686,1617.52920302341,520.426415050546,556.542453067466,1271.5194929453,216.357338285591,85.1667449168717,138.18945380523,16291.5029652158,10776.0651409396,479.809352237872,598.14266171221,100.978293710647,2595.7544232423,377.249576834366,211.770165425106,525.045170919209,6693.09264736212,3599.6281199734,2819.0772989815,495.758612268769,2965.73724253185,1855.45477746411,634.843514981093,9.35824754412405,2538.87404984213,237.467015286938,41.1607717268038
2022-Sep,,,,,,,,,,,,,,,,,,,,,,,,,,,,,,,1504.38868698112,2855.83693687884,1604.85344924103,522.411155740009,555.03037963801,1267.43310714281,215.367622959589,85.3656949290014,136.76003001576,16210.4761492693,11581.9720673394,464.00493543202,596.950358729292,100.50573922401,2491.88518671294,375.791049977406,211.165109531673,526.005970126236,6680.47069726947,3600.60322438089,2807.81113895905,495.843403162521,2962.32593279253,1853.6862414826,634.843491208213,9.40718639833653,2528.57845469912,236.225914818487,41.16325027565
2022-Oct,,,,,,,,,,,,,,,,,,,,,,,,,,,,,,,1496.15555053185,2787.57779413604,1597.17231724158,518.441942309961,553.970979220829,1263.37394533947,214.388835640185,85.5597295991401,135.36341792647,16511.1830864482,12283.9041978242,619.226372243598,595.582629804827,100.04126009956,2614.41201813121,374.348222342354,210.56485745405,526.94856893764,6667.98532166951,3601.57822688108,2796.6620541571,496.036975161308,2958.92241449848,1851.9210813518,634.843466882372,9.45217718309333,2524.54579220104,235.000906158464,41.165448510726
2022-Nov,,,,,,,,,,,,,,,,,,,,,,,,,,,,,,,1488.0375864601,2834.72505852143,1589.53980468672,520.343900100931,552.890692469991,1259.34182616569,213.420863757352,85.7489703736309,133.998864361378,16582.7875994684,12073.2115298835,682.739122774183,594.422528114877,99.5847183395065,2670.29285735005,372.920924946673,209.969371052543,527.873312123065,6655.63504277223,3602.55312748461,2785.62882795815,496.129803291371,2955.526669854,1850.15929062776,634.843442123225,9.49353840304024,2515.441538669,233.79169254181,41.1673981343764
2022-Dec,,,,,,,,,,,,,,,,,,,,,,,,,,,,,,,1480.03318363304,2774.17939742873,1582.43990986596,516.497191074448,551.852083691667,1255.33656946018,212.463582598252,85.9335356903071,132.665633433275,16311.1097550962,10820.0323013293,491.654434959554,593.104985465887,99.1359783042704,2533.73811205428,371.508990626714,209.378612490268,528.780537921194,6643.41839877785,3603.52792620214,2774.71025638753,496.315896763362,2952.13868110404,1848.40086287882,634.843417024531,9.53156286793332,2507.17269279527,232.597760808791,41.16912726354
